NAME	ORIGINAL SIZE	AFTER RESTRICTING TO DATASET	STATUS	
LET_7A_2_3P	287	260		
LET_7A_3P	723		Rejected!	
LET_7A_5P_LET_7C_5P_LET_7E_5P	401	388		
LET_7B_3P	721		Rejected!	
LET_7B_5P	403	390		
LET_7C_3P	577		Rejected!	
LET_7D_3P	9		Rejected!	
LET_7D_5P	353	339		
LET_7E_3P	5		Rejected!	
LET_7F_1_3P	721		Rejected!	
LET_7F_2_3P	402	380		
LET_7F_5P	403	390		
LET_7G_3P	287	260		
LET_7G_5P	403	390		
LET_7I_3P	5		Rejected!	
LET_7I_5P	404	391		
MIR100_3P	70	67		
MIR100_5P_MIR99A_5P_MIR99B_5P	18	18		
MIR101_2_5P	6		Rejected!	
MIR101_3P	459	440		
MIR101_5P	44	40		
MIR10226	78	73		
MIR10392_3P	6		Rejected!	
MIR10393_3P	109	93		
MIR10393_5P	147	142		
MIR10394_5P	178	171		
MIR10395_3P	142	138		
MIR10395_5P	74	66		
MIR10396A_3P_MIR10396B_3P	5		Rejected!	
MIR10396A_5P	9		Rejected!	
MIR10396B_5P	19	16		
MIR10397_3P	47	46		
MIR10397_5P	73	68		
MIR10398_3P	5		Rejected!	
MIR10398_5P	79	76		
MIR10399_3P	8		Rejected!	
MIR10399_5P	359	346		
MIR103A_1_5P	152	144		
MIR103A_2_5P	157	149		
MIR103A_3P_MIR107	253	245		
MIR103B	42	41		
MIR10400_3P_MIR4674	37	32		
MIR10401_3P	7		Rejected!	
MIR10401_5P	80	75		
MIR10522_5P	246	227		
MIR10523_5P	242	226		
MIR10524_5P	83	80		
MIR10525_3P	57	56		
MIR10526_3P	119	114		
MIR10527_5P	592		Rejected!	
MIR105_3P	5		Rejected!	
MIR105_5P	221	215		
MIR106A_3P	105	93		
MIR106A_5P	642		Rejected!	
MIR106B_5P	680		Rejected!	
MIR10A_3P	26	25		
MIR10A_5P_MIR10B_5P	103	96		
MIR10B_3P	82	77		
MIR11181_3P	209	188		
MIR11181_5P	72	71		
MIR11399	78	73		
MIR11400	8		Rejected!	
MIR11401	10		Rejected!	
MIR1178_3P	91	89		
MIR1178_5P	35	33		
MIR1179	124	117		
MIR1180_3P	6		Rejected!	
MIR1180_5P	38	38		
MIR1182	30	27		
MIR1183	126	121		
MIR1184	164	158		
MIR1185_1_3P_MIR1185_2_3P	409	387		
MIR1185_5P	59	59		
MIR1193	35	32		
MIR1197	91	87		
MIR1199_5P	80	76		
MIR1200	333	317		
MIR1202	75	70		
MIR1203	5		Rejected!	
MIR1204	6		Rejected!	
MIR1205	177	170		
MIR1206	117	110		
MIR1207_3P	131	129		
MIR1207_5P	331	312		
MIR1208	137	129		
MIR12113	98	89		
MIR12114	43	41		
MIR12115	71	66		
MIR12116	58	57		
MIR12117	94	88		
MIR12118	104	97		
MIR12119	185	179		
MIR12120	183	176		
MIR12121	27	26		
MIR12122	215	208		
MIR12123	502	461		
MIR12124	332	323		
MIR12125	108	105		
MIR12126	36	34		
MIR12127	79	78		
MIR12128	145	133		
MIR12129	141	133		
MIR12130	31	27		
MIR12131	175	165		
MIR12132	147	137		
MIR12133	388	368		
MIR12135	194	185		
MIR12136	1003		Rejected!	
MIR1224_3P	67	67		
MIR1224_5P	63	60		
MIR1225_3P	64	59		
MIR1225_5P	33	33		
MIR1226_3P	110	108		
MIR1226_5P	52	48		
MIR1227_3P	75	72		
MIR1227_5P	107	99		
MIR1228_3P	75	70		
MIR1229_3P	84	78		
MIR1229_5P	36	33		
MIR122B_3P	142	133		
MIR122B_5P	212	202		
MIR122_3P	8		Rejected!	
MIR122_5P	91	89		
MIR1231	52	47		
MIR1233_3P	79	77		
MIR1233_5P	104	96		
MIR1236_3P	197	188		
MIR1236_5P	81	69		
MIR1237_3P	134	123		
MIR1237_5P_MIR4488	17	15		
MIR1238_3P	32	31		
MIR1238_5P_MIR4758_5P	45	43		
MIR1243	63	55		
MIR1244	98	97		
MIR1245A	41	36		
MIR1245B_3P	144	137		
MIR1245B_5P	61	60		
MIR1246	56	50		
MIR1247_5P	5		Rejected!	
MIR1248	128	116		
MIR1249_5P	199	187		
MIR124_3P	746		Rejected!	
MIR124_5P	113	108		
MIR1250_3P	504	485		
MIR1250_5P	7		Rejected!	
MIR1251_3P	156	148		
MIR1251_5P	27	23		
MIR1252_3P	312	296		
MIR1252_5P	329	315		
MIR1253	170	156		
MIR1255A_MIR1255B_5P	69	67		
MIR1255B_2_3P	89	82		
MIR1256	73	72		
MIR1257	93	88		
MIR1258	61	58		
MIR125A_3P	77	72		
MIR125A_5P	322	306		
MIR125B_2_3P	135	127		
MIR125B_5P	320	304		
MIR1260A_MIR1260B	105	99		
MIR1261	87	82		
MIR1262	49	46		
MIR1263	53	51		
MIR1264	119	116		
MIR1265	45	41		
MIR1266_3P	55	53		
MIR1266_5P	96	92		
MIR1267	74	66		
MIR1268A_MIR1268B	7		Rejected!	
MIR1269A_MIR1269B	52	50		
MIR126_5P	465	434		
MIR1270	79	69		
MIR1271_3P	69	67		
MIR1271_5P	391	371		
MIR1272	86	80		
MIR1273C	7		Rejected!	
MIR1273H_3P	97	95		
MIR1273H_5P	202	188		
MIR1275	287	271		
MIR1276	179	166		
MIR1277_3P	14		Rejected!	
MIR1277_5P	901		Rejected!	
MIR1278	65	62		
MIR1279	186	173		
MIR127_3P	6		Rejected!	
MIR127_5P	88	83		
MIR1281	13		Rejected!	
MIR1282	20		Rejected!	
MIR1283	478	457		
MIR1284	234	223		
MIR1285_3P	158	152		
MIR1285_5P	69	65		
MIR1286	87	84		
MIR1287_3P	36	35		
MIR1287_5P	67	60		
MIR1288_3P	46	43		
MIR1288_5P	54	52		
MIR1289	59	53		
MIR128_1_5P	14		Rejected!	
MIR128_2_5P	13		Rejected!	
MIR128_3P	450	431		
MIR1290	265	247		
MIR1291	112	107		
MIR1292_5P	17	15		
MIR1293	64	58		
MIR1294	161	153		
MIR1295B_3P	21	21		
MIR1295B_5P	74	69		
MIR1296_3P	38	35		
MIR1296_5P	33	32		
MIR1297	626		Rejected!	
MIR1298_3P	42	39		
MIR1298_5P	43	42		
MIR1299	335	320		
MIR129_1_3P_MIR129_2_3P	132	124		
MIR129_5P	372	356		
MIR1301_3P_MIR5047	117	114		
MIR1301_5P	52	44		
MIR1302	74	73		
MIR1303	210	204		
MIR1304_3P	112	108		
MIR1304_5P	131	123		
MIR1305	514	492		
MIR1306_5P	51	49		
MIR130A_3P	401	391		
MIR130A_5P	340	312		
MIR130B_3P	404	394		
MIR130B_5P	197	191		
MIR1321	142	134		
MIR1322	72	59		
MIR1323	321	311		
MIR1324	127	119		
MIR132_3P	190	183		
MIR132_5P	8		Rejected!	
MIR133A_3P_MIR133B	243	228		
MIR133A_5P	134	126		
MIR1343_3P	163	156		
MIR1343_5P	124	117		
MIR134_3P	86	82		
MIR134_5P	73	69		
MIR135A_2_3P	51	51		
MIR135A_3P	36	34		
MIR135A_5P	303	295		
MIR135B_3P	50	50		
MIR135B_5P	302	294		
MIR136_3P	9		Rejected!	
MIR136_5P	114	108		
MIR137_3P	531		Rejected!	
MIR138_1_3P	82	77		
MIR138_2_3P	170	160		
MIR138_5P	210	204		
MIR139_3P	16		Rejected!	
MIR139_5P	163	160		
MIR140_3P	144	142		
MIR140_5P	88	85		
MIR141_3P	398	384		
MIR141_5P	98	90		
MIR142_3P	175	171		
MIR142_5P	354	336		
MIR143_3P_MIR4770	204	199		
MIR143_5P	130	128		
MIR144_3P	495	474		
MIR144_5P	52	48		
MIR145_3P	71	69		
MIR145_5P	306	296		
MIR1468_3P	644		Rejected!	
MIR1468_5P	14		Rejected!	
MIR146A_3P	214	202		
MIR146A_5P	116	112		
MIR146B_3P	71	67		
MIR146B_5P	115	111		
MIR1470	14		Rejected!	
MIR147A	63	59		
MIR147B_3P	6		Rejected!	
MIR147B_5P	324	305		
MIR148A_3P	340	331		
MIR148A_5P	116	113		
MIR148B_3P	338	330		
MIR148B_5P	81	76		
MIR149_3P	435	414		
MIR149_5P	152	146		
MIR150_3P	128	122		
MIR150_5P	175	167		
MIR151A_3P	34	30		
MIR151A_5P_MIR151B	11		Rejected!	
MIR152_3P	339	331		
MIR152_5P	92	89		
MIR1537_3P	9		Rejected!	
MIR1537_5P	121	117		
MIR1539	5		Rejected!	
MIR153_3P	329	316		
MIR153_5P	1071		Rejected!	
MIR154_3P	101	99		
MIR154_5P	67	64		
MIR155_3P	93	88		
MIR155_5P	233	215		
MIR1587	61	55		
MIR15A_3P	38	38		
MIR15A_5P	582		Rejected!	
MIR15B_3P	79	75		
MIR15B_5P	579		Rejected!	
MIR16_1_3P	188	180		
MIR16_2_3P	233	223		
MIR16_5P	579		Rejected!	
MIR17_3P	136	129		
MIR17_5P	625		Rejected!	
MIR181A_2_3P	115	107		
MIR181A_3P	7		Rejected!	
MIR181A_5P_MIR181B_5P	600		Rejected!	
MIR181B_2_3P_MIR181B_3P	215	206		
MIR181C_3P	12		Rejected!	
MIR181C_5P	601		Rejected!	
MIR181D_5P	599		Rejected!	
MIR1825	162	158		
MIR1827	390	370		
MIR182_3P	67	65		
MIR182_5P	569		Rejected!	
MIR183_3P	200	193		
MIR183_5P	231	225		
MIR184	9		Rejected!	
MIR1843	65	56		
MIR185_3P	152	143		
MIR185_5P	294	266		
MIR186_3P	146	145		
MIR186_5P	567		Rejected!	
MIR187_5P	168	160		
MIR188_3P	153	147		
MIR188_5P	72	70		
MIR18A_3P	87	85		
MIR18A_5P_MIR18B_5P	125	119		
MIR18B_3P	52	49		
MIR1908_5P	16		Rejected!	
MIR1909_3P	138	133		
MIR1909_5P	35	33		
MIR190A_5P	112	106		
MIR190B_3P	138	133		
MIR190B_5P	110	104		
MIR1910_3P	186	184		
MIR1910_5P	81	78		
MIR1911_3P	46	42		
MIR1911_5P	27	25		
MIR1912_3P	86	81		
MIR1912_5P	85	79		
MIR1913	144	142		
MIR1914_3P	29	26		
MIR1914_5P	66	57		
MIR1915_3P	173	163		
MIR1915_5P	46	42		
MIR191_5P	20	18		
MIR192_3P	101	96		
MIR192_5P	36	35		
MIR193A_3P_MIR193B_3P	84	81		
MIR193A_5P	44	41		
MIR193B_5P	61	56		
MIR194_3P	88	72		
MIR194_5P	197	189		
MIR195_3P	234	224		
MIR195_5P	581		Rejected!	
MIR196A_1_3P	404	387		
MIR196A_3P	125	121		
MIR196A_5P_MIR196B_5P	94	90		
MIR196B_3P	6		Rejected!	
MIR1972	100	98		
MIR1973	6		Rejected!	
MIR1976	85	83		
MIR197_3P	100	95		
MIR197_5P	65	60		
MIR198	93	84		
MIR199A_3P_MIR199B_3P	155	152		
MIR199A_5P	181	177		
MIR199B_5P	180	176		
MIR19A_3P	649		Rejected!	
MIR19A_5P	176	167		
MIR19B_1_5P_MIR19B_2_5P	175	166		
MIR19B_3P	651		Rejected!	
MIR1_3P	374	349		
MIR1_5P	86	86		
MIR200A_3P	395	382		
MIR200A_5P	106	102		
MIR200B_3P	502	485		
MIR200B_5P	106	102		
MIR200C_3P	501	484		
MIR200C_5P	63	60		
MIR202_3P	247	242		
MIR202_5P	114	108		
MIR203A_3P	372	342		
MIR203A_5P	60	58		
MIR203B_3P	94	88		
MIR203B_5P	72	67		
MIR204_3P	144	135		
MIR204_5P	378	358		
MIR2052	242	231		
MIR2053	177	169		
MIR2054	166	161		
MIR205_3P	412	396		
MIR205_5P	224	215		
MIR206	378	353		
MIR208A_3P	44	43		
MIR208A_5P	255	244		
MIR208B_3P	45	44		
MIR208B_5P	259	248		
MIR20A_3P	188	176		
MIR20A_5P	671		Rejected!	
MIR20B_3P	72	65		
MIR20B_5P	616		Rejected!	
MIR210_3P	12		Rejected!	
MIR210_5P	55	50		
MIR2110	173	168		
MIR2113	262	250		
MIR2114_3P	42	40		
MIR2114_5P	35	33		
MIR2115_3P	236	224		
MIR2115_5P	135	125		
MIR2116_3P	73	69		
MIR2116_5P	143	134		
MIR2117	128	121		
MIR211_3P	82	80		
MIR211_5P	377	357		
MIR212_3P	187	180		
MIR212_5P	96	92		
MIR214_3P	240	232		
MIR214_5P	54	52		
MIR215_3P	139	132		
MIR215_5P	38	37		
MIR216A_3P	451	432		
MIR216A_5P	135	133		
MIR216B_3P	130	119		
MIR216B_5P	92	86		
MIR217_3P	94	90		
MIR217_5P	187	184		
MIR218_1_3P	90	88		
MIR218_2_3P	48	45		
MIR218_5P	432	408		
MIR219A_1_3P	62	57		
MIR219A_2_3P	67	64		
MIR219A_5P	151	145		
MIR219B_3P	59	56		
MIR219B_5P	51	48		
MIR21_3P	139	130		
MIR21_5P	149	143		
MIR221_3P	178	167		
MIR221_5P	78	72		
MIR222_3P	175	164		
MIR222_5P	186	180		
MIR223_3P	121	120		
MIR223_5P	160	152		
MIR224_3P	183	178		
MIR224_5P	180	171		
MIR2276_3P	124	118		
MIR2276_5P	72	68		
MIR2277_3P	17	16		
MIR2278	103	95		
MIR22_3P	138	133		
MIR22_5P	144	136		
MIR2355_3P	111	105		
MIR2355_5P	133	130		
MIR2392	73	63		
MIR23A_3P_MIR23B_3P	592		Rejected!	
MIR23A_5P	37	33		
MIR23B_5P	51	45		
MIR23C	594		Rejected!	
MIR2467_3P	158	149		
MIR2467_5P	114	104		
MIR24_1_5P_MIR24_2_5P	47	44		
MIR24_3P	282	269		
MIR25_3P	420	402		
MIR25_5P	6		Rejected!	
MIR2681_3P	37	37		
MIR2681_5P	161	153		
MIR2682_3P	68	67		
MIR2682_5P	118	109		
MIR26A_1_3P	80	72		
MIR26A_2_3P	80	71		
MIR26A_5P	492	478		
MIR26B_3P	104	103		
MIR26B_5P	492	478		
MIR27A_3P_MIR27B_3P	623		Rejected!	
MIR27A_5P	37	33		
MIR27B_5P	44	44		
MIR2861	89	85		
MIR28_3P	49	44		
MIR28_5P	48	43		
MIR2909	49	46		
MIR296_3P	37	36		
MIR296_5P	54	51		
MIR297	150	141		
MIR298	185	177		
MIR299_3P	57	53		
MIR299_5P	148	141		
MIR29A_3P	434	417		
MIR29A_5P	211	202		
MIR29B_1_5P	167	159		
MIR29B_2_5P	218	203		
MIR29B_3P_MIR29C_3P	434	417		
MIR300	449	433		
MIR301A_3P	397	387		
MIR301A_5P	82	79		
MIR301B_3P	396	386		
MIR301B_5P	86	83		
MIR302A_3P_MIR302B_3P_MIR302C_3P_MIR302D_3P	353	342		
MIR302A_5P	192	189		
MIR302B_5P	203	196		
MIR302C_5P	579		Rejected!	
MIR302D_5P	198	191		
MIR302E	477	461		
MIR302F	191	178		
MIR3059_3P	52	48		
MIR3059_5P	307	290		
MIR3064_3P	166	156		
MIR3064_5P	148	142		
MIR3065_3P	251	246		
MIR3065_5P	466	447		
MIR3074_3P	93	88		
MIR3074_5P	152	142		
MIR3085_3P	146	139		
MIR3085_5P	37	35		
MIR30A_3P	388	368		
MIR30A_5P	780		Rejected!	
MIR30B_3P	178	165		
MIR30B_5P_MIR30C_5P	785		Rejected!	
MIR30C_1_3P	140	132		
MIR30C_2_3P	138	130		
MIR30D_3P	391	371		
MIR30D_5P	781		Rejected!	
MIR30E_3P	389	369		
MIR30E_5P	781		Rejected!	
MIR3115	39	35		
MIR3116	104	93		
MIR3117_3P	35	35		
MIR3117_5P	59	56		
MIR3118	75	71		
MIR3119	373	356		
MIR3120_3P	346	337		
MIR3120_5P	83	81		
MIR3121_3P	646		Rejected!	
MIR3121_5P	104	101		
MIR3122	66	62		
MIR3123	261	248		
MIR3124_3P	219	214		
MIR3125	238	230		
MIR3126_3P	44	42		
MIR3126_5P	67	65		
MIR3127_3P	102	99		
MIR3127_5P	59	58		
MIR3128	133	125		
MIR3129_3P	107	99		
MIR3129_5P	154	151		
MIR3130_3P	50	48		
MIR3130_5P	61	59		
MIR3132	71	66		
MIR3133	515	498		
MIR3134	72	61		
MIR3135A	37	33		
MIR3135B	105	98		
MIR3136_3P	63	63		
MIR3136_5P	77	73		
MIR3137	54	49		
MIR3138	72	70		
MIR3139	60	55		
MIR3140_3P	236	227		
MIR3140_5P	139	123		
MIR3142	57	56		
MIR3143	466	445		
MIR3144_3P	62	60		
MIR3144_5P	52	49		
MIR3145_3P	232	215		
MIR3145_5P	100	94		
MIR3146	50	47		
MIR3147	36	33		
MIR3149	152	144		
MIR3150A_3P	101	96		
MIR3150B_3P	151	144		
MIR3151_3P	42	38		
MIR3151_5P	52	44		
MIR3152_3P	83	80		
MIR3152_5P	66	64		
MIR3153	223	215		
MIR3154	116	111		
MIR3155A_MIR3155B	77	76		
MIR3156_3P	89	85		
MIR3156_5P	70	69		
MIR3157_3P	38	35		
MIR3157_5P	109	101		
MIR3158_3P	39	37		
MIR3158_5P	170	157		
MIR3159	97	93		
MIR3160_3P	70	66		
MIR3160_5P	209	198		
MIR3161	75	70		
MIR3162_3P	20	20		
MIR3162_5P	76	72		
MIR3164	108	100		
MIR3165	36	35		
MIR3166	118	116		
MIR3167	110	102		
MIR3168	133	132		
MIR3169	62	58		
MIR3170	50	48		
MIR3171	77	72		
MIR3173_3P	105	99		
MIR3173_5P	105	96		
MIR3174	42	41		
MIR3175	175	170		
MIR3176	73	71		
MIR3177_3P	8		Rejected!	
MIR3177_5P	158	149		
MIR3179	131	123		
MIR3180_5P	307	292		
MIR3180_MIR3180_3P	20	17		
MIR3182	260	252		
MIR3183	82	74		
MIR3184_3P	76	69		
MIR3184_5P	134	131		
MIR3185	211	193		
MIR3186_5P	5		Rejected!	
MIR3187_3P	78	76		
MIR3187_5P	114	109		
MIR3188	86	77		
MIR3189_3P	74	71		
MIR3189_5P	54	52		
MIR3190_3P	124	122		
MIR3190_5P	122	117		
MIR3191_3P	22	21		
MIR3191_5P	162	158		
MIR3192_3P	83	73		
MIR3192_5P	160	154		
MIR3193	7		Rejected!	
MIR3194_3P	95	91		
MIR3194_5P	77	74		
MIR3196	19		Rejected!	
MIR3197	5		Rejected!	
MIR3198	51	45		
MIR3199	45	44		
MIR31_3P	60	55		
MIR31_5P	150	145		
MIR3200_3P	28	27		
MIR3200_5P	72	69		
MIR3201	85	81		
MIR3202	250	238		
MIR320A_3P_MIR320B_MIR320C_MIR320D	310	288		
MIR320A_5P	111	106		
MIR320E	71	70		
MIR323A_3P	218	208		
MIR323A_5P	45	44		
MIR323B_3P	63	59		
MIR323B_5P	41	40		
MIR324_3P	77	75		
MIR324_5P	44	41		
MIR325	30	28		
MIR326	130	122		
MIR328_3P	42	42		
MIR328_5P	58	54		
MIR329_3P	115	104		
MIR329_5P	148	141		
MIR32_3P	341	323		
MIR32_5P	477	458		
MIR330_3P	341	322		
MIR330_5P	184	175		
MIR331_3P	63	59		
MIR331_5P	78	75		
MIR335_3P	883		Rejected!	
MIR335_5P	110	102		
MIR337_3P	120	116		
MIR338_3P	141	131		
MIR338_5P	478	463		
MIR339_3P	6		Rejected!	
MIR339_5P	72	68		
MIR33A_3P	431	410		
MIR33A_5P_MIR33B_5P	111	105		
MIR33B_3P	66	63		
MIR340_3P	50	50		
MIR340_5P	791		Rejected!	
MIR342_3P	123	119		
MIR342_5P	62	59		
MIR345_3P	215	206		
MIR345_5P	46	42		
MIR346	73	69		
MIR34A_3P	72	69		
MIR34A_5P	309	298		
MIR34B_3P	111	107		
MIR34B_5P	138	128		
MIR34C_3P	65	62		
MIR34C_5P	258	249		
MIR3529_3P	547		Rejected!	
MIR3529_5P	34	34		
MIR3605_5P	90	76		
MIR3606_3P	363	344		
MIR3606_5P	152	142		
MIR3609	352	332		
MIR3611	152	148		
MIR3612	118	111		
MIR3613_5P	77	70		
MIR3614_3P	63	59		
MIR3614_5P	68	64		
MIR3615	9		Rejected!	
MIR3616_3P	63	60		
MIR3616_5P	89	81		
MIR3617_3P	94	87		
MIR3617_5P	260	251		
MIR3618	100	97		
MIR3619_3P	49	38		
MIR3619_5P	275	264		
MIR361_3P	102	100		
MIR361_5P	162	150		
MIR3620_3P	68	65		
MIR3620_5P	52	48		
MIR3622A_3P_MIR3622B_3P	99	97		
MIR3622A_5P	44	41		
MIR3622B_5P	57	56		
MIR362_3P	116	104		
MIR362_5P	56	52		
MIR363_3P	425	407		
MIR363_5P	71	68		
MIR3646	865		Rejected!	
MIR3649	21	21		
MIR3650	60	51		
MIR3651	20	19		
MIR3652	152	148		
MIR3654	46	44		
MIR3657	55	50		
MIR3658	819		Rejected!	
MIR3659	77	73		
MIR365A_3P_MIR365B_3P	114	110		
MIR365A_5P	30	29		
MIR365B_5P	31	30		
MIR3660	103	96		
MIR3661	71	68		
MIR3662	966		Rejected!	
MIR3663_3P	144	141		
MIR3663_5P	53	53		
MIR3664_3P	155	146		
MIR3664_5P	74	69		
MIR3665	80	75		
MIR3666	398	388		
MIR3667_3P	152	142		
MIR3667_5P	57	54		
MIR3668	107	99		
MIR3670	55	53		
MIR3671	641		Rejected!	
MIR3672	49	48		
MIR3674	128	122		
MIR3675_3P	90	86		
MIR3675_5P	36	36		
MIR3677_3P	5		Rejected!	
MIR3677_5P	27	26		
MIR3678_3P	127	119		
MIR3678_5P	14		Rejected!	
MIR3679_3P	165	160		
MIR3679_5P	75	75		
MIR367_3P	426	408		
MIR367_5P	71	69		
MIR3680_3P	536	498		
MIR3680_5P	34	30		
MIR3681_3P	390	372		
MIR3681_5P	36	33		
MIR3682_3P	85	80		
MIR3682_5P	103	100		
MIR3683	5		Rejected!	
MIR3684	30	28		
MIR3685	185	176		
MIR3686	331	316		
MIR3688_3P	416	391		
MIR3688_5P	138	134		
MIR3689A_3P_MIR3689B_3P_MIR3689C	177	165		
MIR3689A_5P_MIR3689B_5P_MIR3689E_MIR3689F	127	123		
MIR3689D	101	97		
MIR3690	54	48		
MIR3691_3P	69	66		
MIR3691_5P	45	41		
MIR3692_3P	299	291		
MIR3692_5P	141	133		
MIR369_3P	301	285		
MIR370_3P	93	90		
MIR370_5P	74	71		
MIR3714	434	422		
MIR371A_3P	9		Rejected!	
MIR371A_5P	177	169		
MIR371B_3P	39	36		
MIR371B_5P	959		Rejected!	
MIR372_3P	331	321		
MIR372_5P	243	236		
MIR373_3P	321	313		
MIR373_5P	956		Rejected!	
MIR374A_3P	136	129		
MIR374A_5P	435	412		
MIR374B_3P	145	140		
MIR374B_5P	375	352		
MIR374C_3P	53	53		
MIR374C_5P	422	398		
MIR375_3P	40	36		
MIR376A_2_5P	66	59		
MIR376A_3P_MIR376B_3P	141	134		
MIR376A_5P	60	55		
MIR376B_5P_MIR376C_5P	47	43		
MIR376C_3P	151	142		
MIR377_3P	238	230		
MIR377_5P	52	45		
MIR378A_3P_MIR378C_MIR378D_MIR378I	41	39		
MIR378A_5P	136	127		
MIR378B	40	38		
MIR378E	41	39		
MIR378F	39	37		
MIR378G	81	80		
MIR378H	42	40		
MIR378J	80	74		
MIR379_3P_MIR411_3P	185	174		
MIR379_5P	45	45		
MIR380_3P	230	221		
MIR380_5P	47	45		
MIR381_3P	449	433		
MIR381_5P	7		Rejected!	
MIR382_3P	102	97		
MIR382_5P	60	53		
MIR383_3P	130	124		
MIR383_5P	79	76		
MIR384	123	118		
MIR3907	53	50		
MIR3908	112	99		
MIR3909	74	69		
MIR3910	402	394		
MIR3911	91	86		
MIR3912_3P	5		Rejected!	
MIR3912_5P	85	76		
MIR3913_3P	75	72		
MIR3913_5P	88	83		
MIR3914	54	52		
MIR3915	219	204		
MIR3916	219	213		
MIR3918	90	86		
MIR3919	305	292		
MIR3920	141	133		
MIR3921	146	139		
MIR3922_3P	96	91		
MIR3922_5P	104	98		
MIR3923	50	46		
MIR3924	340	320		
MIR3925_3P	167	164		
MIR3925_5P	153	148		
MIR3926	175	165		
MIR3927_3P	107	102		
MIR3927_5P	41	40		
MIR3928_3P	102	94		
MIR3928_5P	107	96		
MIR3929	87	82		
MIR3934_3P	103	98		
MIR3934_5P	60	58		
MIR3935	78	72		
MIR3936	35	33		
MIR3938	76	76		
MIR3940_5P	37	33		
MIR3941	343	334		
MIR3942_3P	341	327		
MIR3942_5P	215	191		
MIR3943	42	41		
MIR3944_5P	111	108		
MIR3945	41	39		
MIR3960_MIR8072	18		Rejected!	
MIR3972	70	65		
MIR3973	262	252		
MIR3974	94	88		
MIR3975	53	52		
MIR3976	120	111		
MIR3977	161	149		
MIR3978	254	245		
MIR409_3P	93	85		
MIR409_5P	40	39		
MIR410_3P	333	319		
MIR410_5P	41	40		
MIR411_5P	48	48		
MIR412_3P	79	75		
MIR412_5P	5		Rejected!	
MIR421	183	170		
MIR422A	40	38		
MIR423_5P	140	137		
MIR424_3P	38	34		
MIR424_5P	519		Rejected!	
MIR4251	400	382		
MIR4252	92	89		
MIR4253	51	48		
MIR4254	100	93		
MIR4255	172	169		
MIR4256	76	75		
MIR4257	127	122		
MIR4258	6		Rejected!	
MIR4259	26	23		
MIR425_5P	88	87		
MIR4260	72	67		
MIR4261	442	419		
MIR4262	769		Rejected!	
MIR4263	263	253		
MIR4264	108	100		
MIR4265	38	36		
MIR4266	85	80		
MIR4267	228	214		
MIR4268	60	57		
MIR4269	208	200		
MIR4270	179	167		
MIR4271	217	203		
MIR4272	203	195		
MIR4273	109	104		
MIR4274	62	61		
MIR4275	156	147		
MIR4276	275	260		
MIR4277	124	121		
MIR4278	35	34		
MIR4279	221	214		
MIR4280	49	46		
MIR4281	21	17		
MIR4283	210	200		
MIR4284	112	109		
MIR4286	92	89		
MIR4287	126	123		
MIR4288	158	148		
MIR4289	70	68		
MIR429	511	494		
MIR4290	69	63		
MIR4291	380	364		
MIR4292	161	155		
MIR4293	106	101		
MIR4294	75	72		
MIR4295	399	389		
MIR4296	70	64		
MIR4297	183	170		
MIR4298	58	57		
MIR4299	76	75		
MIR4300	62	60		
MIR4301	37	34		
MIR4302	133	127		
MIR4303	226	217		
MIR4305	56	56		
MIR4306	475	434		
MIR4307	436	410		
MIR4308	142	136		
MIR4309	47	41		
MIR4310	287	281		
MIR4311	372	346		
MIR4312	47	46		
MIR4313	28	25		
MIR4314	138	129		
MIR4315	6		Rejected!	
MIR4316	141	132		
MIR4317	100	91		
MIR4318	119	115		
MIR4319	437	415		
MIR431_5P	60	57		
MIR4320	58	49		
MIR4321	6		Rejected!	
MIR4322	37	35		
MIR4323	42	42		
MIR4324	266	256		
MIR4325	266	252		
MIR4326	85	81		
MIR4327	86	71		
MIR4328	579		Rejected!	
MIR4329	79	76		
MIR432_3P	65	58		
MIR432_5P	105	96		
MIR4330	87	82		
MIR433_3P	136	133		
MIR433_5P	7		Rejected!	
MIR4418	138	138		
MIR4420	203	194		
MIR4421	55	53		
MIR4422	447	433		
MIR4423_3P	130	126		
MIR4423_5P	28	26		
MIR4424	124	117		
MIR4425	89	84		
MIR4426	149	141		
MIR4427	241	220		
MIR4428	130	123		
MIR4429	309	287		
MIR4430	144	140		
MIR4432	69	66		
MIR4433A_3P	60	55		
MIR4433A_5P	46	44		
MIR4433B_3P	33	30		
MIR4433B_5P	58	56		
MIR4434	172	167		
MIR4435	85	84		
MIR4436A	91	86		
MIR4436B_3P	110	104		
MIR4436B_5P	141	135		
MIR4437	103	97		
MIR4438	70	65		
MIR4439	73	69		
MIR4440	5		Rejected!	
MIR4441	296	281		
MIR4442	5		Rejected!	
MIR4443	181	171		
MIR4444	6		Rejected!	
MIR4445_3P	11		Rejected!	
MIR4445_5P	90	85		
MIR4446_3P	65	63		
MIR4446_5P	304	291		
MIR4447	288	271		
MIR4448	66	63		
MIR4450	75	70		
MIR4451	158	142		
MIR4452	163	159		
MIR4453	27	26		
MIR4455	109	101		
MIR4456	133	122		
MIR4457	123	118		
MIR4458	356	342		
MIR4460	84	80		
MIR4462	15		Rejected!	
MIR4463	84	78		
MIR4464	70	70		
MIR4465	426	414		
MIR4468	119	107		
MIR4469	112	108		
MIR4470	250	242		
MIR4471	72	70		
MIR4472	110	104		
MIR4473	87	86		
MIR4474_3P	87	81		
MIR4474_5P	51	47		
MIR4475	68	67		
MIR4476	230	217		
MIR4477A	390	368		
MIR4477B	265	255		
MIR4478	186	174		
MIR448	364	343		
MIR4480	58	54		
MIR4481	133	123		
MIR4482_3P	480	452		
MIR4482_5P	42	40		
MIR4483	98	89		
MIR4484	33	33		
MIR4485_5P	8		Rejected!	
MIR4486	34	33		
MIR4487	80	73		
MIR4489	55	49		
MIR4490	99	96		
MIR4491	73	68		
MIR4492	416	395		
MIR4493	96	94		
MIR4494	57	56		
MIR4495	483	461		
MIR4496	289	267		
MIR4497	8		Rejected!	
MIR4498	250	238		
MIR4499	117	109		
MIR449A	306	295		
MIR449B_3P	123	108		
MIR449B_5P	255	246		
MIR449C_3P	55	52		
MIR449C_5P	139	129		
MIR4500	519		Rejected!	
MIR4501	77	73		
MIR4502	80	76		
MIR4503	281	261		
MIR4504	157	152		
MIR4505	255	239		
MIR4506	43	41		
MIR4507	38	34		
MIR4509	71	66		
MIR450A_1_3P	194	185		
MIR450A_2_3P	130	127		
MIR450B_3P	46	45		
MIR450B_5P	485	454		
MIR4510	194	183		
MIR4511	163	155		
MIR4512	22	21		
MIR4513	49	47		
MIR4514	186	179		
MIR4515	45	42		
MIR4516	321	300		
MIR4517	221	204		
MIR4518	92	88		
MIR4519	84	79		
MIR451A	7		Rejected!	
MIR451B	169	163		
MIR4520_2_3P	126	118		
MIR4520_3P	91	81		
MIR4520_5P	6		Rejected!	
MIR4521	73	71		
MIR4522	58	57		
MIR4524A_3P	232	221		
MIR4524A_5P	240	231		
MIR4524B_3P	72	69		
MIR4524B_5P	240	231		
MIR4525	37	35		
MIR4526	101	94		
MIR4527	69	67		
MIR4528	218	204		
MIR4529_3P	46	40		
MIR4529_5P	51	48		
MIR452_3P	131	129		
MIR452_5P	220	213		
MIR4530	145	138		
MIR4531	333	320		
MIR4533	339	320		
MIR4534	161	150		
MIR4535	29	29		
MIR4536_3P	22	21		
MIR4536_5P	45	42		
MIR4537	6		Rejected!	
MIR4538	27	26		
MIR4539	80	74		
MIR4540	50	48		
MIR454_3P	433	422		
MIR454_5P	25	25		
MIR455_3P	92	87		
MIR455_5P	88	83		
MIR4632_5P	104	98		
MIR4633_3P_MIR6500_5P	37	36		
MIR4633_5P	46	45		
MIR4635	134	129		
MIR4636	5		Rejected!	
MIR4637	61	58		
MIR4638_3P	61	57		
MIR4638_5P	5		Rejected!	
MIR4639_3P	72	69		
MIR4639_5P	99	89		
MIR4640_3P	16	16		
MIR4640_5P	134	126		
MIR4641	64	57		
MIR4642	102	97		
MIR4643	215	202		
MIR4644	302	273		
MIR4645_3P	111	103		
MIR4645_5P	121	113		
MIR4646_3P	58	58		
MIR4646_5P	149	140		
MIR4647_MIR4662B	88	83		
MIR4648	44	43		
MIR4649_3P	201	195		
MIR4649_5P	8		Rejected!	
MIR4650_3P	137	133		
MIR4650_5P	74	73		
MIR4651	203	188		
MIR4652_3P	330	324		
MIR4652_5P	37	37		
MIR4653_3P	54	51		
MIR4653_5P	148	141		
MIR4654	53	49		
MIR4656	109	105		
MIR4657	72	67		
MIR4658	47	42		
MIR4659A_3P_MIR4659B_3P	679		Rejected!	
MIR4659A_5P	78	73		
MIR4659B_5P	99	94		
MIR466	414	387		
MIR4660	139	127		
MIR4661_3P	32	30		
MIR4661_5P	39	38		
MIR4662A_3P	68	63		
MIR4662A_5P	90	85		
MIR4663	66	60		
MIR4664_5P	81	78		
MIR4665_5P	152	141		
MIR4666A_3P	548		Rejected!	
MIR4666A_5P	251	240		
MIR4666B	126	123		
MIR4667_3P	130	124		
MIR4667_5P	169	160		
MIR4668_3P	303	291		
MIR4668_5P	473	452		
MIR4669	11		Rejected!	
MIR4670_3P	154	148		
MIR4671_3P	214	209		
MIR4671_5P	8		Rejected!	
MIR4672	364	352		
MIR4673	149	140		
MIR4675	45	44		
MIR4676_3P	212	205		
MIR4676_5P	55	53		
MIR4677_3P	138	129		
MIR4677_5P	257	237		
MIR4678	112	105		
MIR4679	158	149		
MIR4680_3P	258	250		
MIR4680_5P	70	69		
MIR4681	5		Rejected!	
MIR4682	134	124		
MIR4683	53	49		
MIR4684_3P	122	115		
MIR4684_5P	181	170		
MIR4685_3P	128	124		
MIR4685_5P	121	114		
MIR4686	85	77		
MIR4687_3P	85	84		
MIR4687_5P	44	42		
MIR4688	47	45		
MIR4689	88	84		
MIR4690_3P	68	68		
MIR4690_5P	75	72		
MIR4691_3P	96	92		
MIR4691_5P	128	124		
MIR4692	228	219		
MIR4693_3P	61	55		
MIR4693_5P	109	105		
MIR4694_3P	311	291		
MIR4694_5P	40	38		
MIR4695_3P	78	71		
MIR4695_5P	88	86		
MIR4696	99	94		
MIR4697_3P	118	109		
MIR4697_5P	19	17		
MIR4698	644		Rejected!	
MIR4699_3P	488	463		
MIR4699_5P	119	112		
MIR4700_3P	101	96		
MIR4700_5P	216	202		
MIR4701_3P	51	48		
MIR4701_5P	127	122		
MIR4703_3P	41	40		
MIR4703_5P	246	217		
MIR4704_3P	149	140		
MIR4704_5P	59	57		
MIR4705	124	116		
MIR4707_5P	9		Rejected!	
MIR4708_3P	103	101		
MIR4708_5P	92	90		
MIR4709_3P	165	155		
MIR4709_5P	105	100		
MIR4710	80	74		
MIR4711_3P	82	76		
MIR4711_5P	103	102		
MIR4712_3P	68	62		
MIR4712_5P	99	95		
MIR4713_3P	43	42		
MIR4713_5P	154	146		
MIR4714_3P	56	53		
MIR4714_5P	105	92		
MIR4715_3P	69	65		
MIR4715_5P	43	38		
MIR4716_3P	83	82		
MIR4716_5P	122	117		
MIR4717_3P	76	68		
MIR4717_5P	106	105		
MIR4718	105	94		
MIR4719	526	500		
MIR4720_3P	114	109		
MIR4720_5P	89	83		
MIR4721	72	64		
MIR4722_3P	85	77		
MIR4722_5P	136	126		
MIR4723_3P	82	74		
MIR4723_5P	209	197		
MIR4724_3P	81	78		
MIR4724_5P	138	127		
MIR4725_3P	284	267		
MIR4725_5P	56	56		
MIR4726_3P	75	72		
MIR4726_5P	100	94		
MIR4727_3P	31	28		
MIR4727_5P	115	110		
MIR4728_3P	114	110		
MIR4728_5P	570		Rejected!	
MIR4729	717		Rejected!	
MIR4730	7		Rejected!	
MIR4731_3P	228	206		
MIR4731_5P	256	244		
MIR4732_3P	87	86		
MIR4732_5P	22	21		
MIR4733_3P	72	67		
MIR4733_5P	94	90		
MIR4735_3P	114	108		
MIR4735_5P	187	181		
MIR4736	111	108		
MIR4737	5		Rejected!	
MIR4738_3P	181	175		
MIR4739	145	137		
MIR4740_3P	7		Rejected!	
MIR4740_5P	71	66		
MIR4741	49	48		
MIR4742_3P	219	211		
MIR4742_5P	179	175		
MIR4743_3P	209	202		
MIR4744	175	169		
MIR4745_5P	84	79		
MIR4746_5P	9		Rejected!	
MIR4747_5P	278	261		
MIR4748	69	69		
MIR4749_3P	53	50		
MIR4749_5P	5		Rejected!	
MIR4750_3P	38	37		
MIR4751	36	34		
MIR4752	86	80		
MIR4753_3P	559		Rejected!	
MIR4753_5P	181	174		
MIR4755_3P	145	142		
MIR4755_5P	365	350		
MIR4756_3P	114	105		
MIR4756_5P	141	133		
MIR4757_5P	63	62		
MIR4758_3P	54	50		
MIR4759	51	50		
MIR4760_3P	279	269		
MIR4760_5P	195	186		
MIR4761_3P	52	50		
MIR4761_5P	67	62		
MIR4762_3P	279	263		
MIR4762_5P	144	135		
MIR4763_3P	247	238		
MIR4763_5P	55	48		
MIR4764_3P	68	67		
MIR4764_5P	75	73		
MIR4765	52	51		
MIR4766_3P	160	136		
MIR4766_5P	323	312		
MIR4768_3P	196	188		
MIR4768_5P	326	315		
MIR4769_3P	109	104		
MIR4769_5P	42	40		
MIR4771	51	48		
MIR4772_3P	91	88		
MIR4772_5P	53	51		
MIR4773	194	181		
MIR4774_3P	82	77		
MIR4774_5P	94	92		
MIR4776_3P	161	142		
MIR4776_5P	47	46		
MIR4777_3P	69	63		
MIR4777_5P	115	105		
MIR4778_3P	254	230		
MIR4778_5P	176	170		
MIR4779	146	130		
MIR4780	42	42		
MIR4781_3P	39	36		
MIR4781_5P	7		Rejected!	
MIR4782_3P	150	146		
MIR4782_5P	163	150		
MIR4784	153	146		
MIR4786_3P	164	155		
MIR4786_5P	93	90		
MIR4787_5P	7		Rejected!	
MIR4789_3P	343	323		
MIR4789_5P	382	372		
MIR4790_3P	86	81		
MIR4790_5P	16	15		
MIR4791	68	63		
MIR4793_3P	71	69		
MIR4793_5P	74	69		
MIR4794	101	99		
MIR4795_3P	729		Rejected!	
MIR4795_5P	72	69		
MIR4796_3P	249	240		
MIR4796_5P	99	95		
MIR4797_3P	100	90		
MIR4797_5P	119	115		
MIR4798_3P	12		Rejected!	
MIR4799_3P	88	82		
MIR4799_5P	406	392		
MIR4800_5P	24	23		
MIR4801	273	251		
MIR4802_3P	166	148		
MIR4802_5P	64	55		
MIR4803	459	438		
MIR4804_3P	85	81		
MIR4804_5P	9		Rejected!	
MIR483_3P	55	54		
MIR483_5P	7		Rejected!	
MIR484	87	85		
MIR485_3P	231	211		
MIR485_5P	139	134		
MIR486_3P	169	165		
MIR486_5P	94	87		
MIR487A_3P	102	100		
MIR487A_5P	108	104		
MIR487B_3P	9		Rejected!	
MIR487B_5P	107	103		
MIR488_3P	194	182		
MIR488_5P	79	76		
MIR489_3P	77	75		
MIR490_3P	49	47		
MIR490_5P	45	42		
MIR491_3P	120	112		
MIR491_5P	107	99		
MIR492	24	24		
MIR493_3P	68	65		
MIR493_5P	463	443		
MIR494_3P	382	367		
MIR494_5P	41	40		
MIR495_3P	705		Rejected!	
MIR495_5P	69	67		
MIR496	110	103		
MIR497_3P	233	221		
MIR497_5P	519		Rejected!	
MIR498_3P	217	212		
MIR498_5P	244	239		
MIR4999_3P	38	35		
MIR4999_5P	100	86		
MIR499A_3P	166	161		
MIR499A_5P	175	167		
MIR499B_3P	168	163		
MIR499B_5P	98	94		
MIR5000_3P	106	101		
MIR5000_5P	102	93		
MIR5001_3P	156	146		
MIR5001_5P	169	162		
MIR5002_3P	51	48		
MIR5002_5P	261	255		
MIR5003_3P	332	311		
MIR5003_5P	198	187		
MIR5004_3P	135	122		
MIR5004_5P	122	113		
MIR5006_3P	366	351		
MIR5006_5P	121	112		
MIR5007_3P	122	110		
MIR5007_5P	58	54		
MIR5008_3P	169	162		
MIR5008_5P	86	82		
MIR5009_3P	172	165		
MIR5009_5P	59	56		
MIR500A_3P	82	72		
MIR500A_5P	151	147		
MIR500B_3P	80	74		
MIR500B_5P	57	53		
MIR5010_3P	312	293		
MIR5010_5P	38	36		
MIR5011_3P	57	48		
MIR501_3P_MIR502_3P	73	70		
MIR501_5P	152	144		
MIR502_5P	74	68		
MIR503_3P	40	35		
MIR503_5P	99	95		
MIR504_3P	145	138		
MIR504_5P	57	57		
MIR505_3P	111	108		
MIR505_5P	55	52		
MIR506_3P	748		Rejected!	
MIR506_5P	137	128		
MIR507	264	251		
MIR5087	94	92		
MIR5088_3P	126	114		
MIR5088_5P	39	37		
MIR5089_3P	70	67		
MIR5089_5P	111	106		
MIR508_3P	107	95		
MIR508_5P	101	95		
MIR5092	8		Rejected!	
MIR5093	244	233		
MIR5094	92	87		
MIR509_3P	61	55		
MIR509_3_5P	168	167		
MIR509_5P	169	168		
MIR5100	94	87		
MIR510_3P	376	359		
MIR510_5P	70	65		
MIR511_3P	170	162		
MIR511_5P	323	297		
MIR512_3P	106	105		
MIR512_5P	59	57		
MIR513A_3P_MIR513C_3P	449	428		
MIR513A_5P	369	346		
MIR513B_3P	160	153		
MIR513B_5P	292	272		
MIR513C_5P	174	168		
MIR514A_3P_MIR514B_3P	108	105		
MIR514A_5P	68	63		
MIR514B_5P	177	171		
MIR515_3P	67	64		
MIR515_5P	304	292		
MIR516A_3P_MIR516B_3P	176	160		
MIR516A_5P	6		Rejected!	
MIR516B_5P	129	118		
MIR517A_3P_MIR517B_3P_MIR517C_3P	19	19		
MIR517_5P	91	87		
MIR5186	37	33		
MIR5187_3P	99	96		
MIR5187_5P	108	99		
MIR5189_3P	56	53		
MIR5189_5P	146	140		
MIR518A_3P_MIR518B_MIR518C_3P_MIR518D_3P_MIR518F_3P_MIR526A_3P	8		Rejected!	
MIR518A_5P_MIR527	262	246		
MIR518C_5P	198	190		
MIR518D_5P_MIR518F_5P_MIR520C_5P_MIR526A_5P	89	89		
MIR518E_5P_MIR519A_5P_MIR519B_5P_MIR519C_5P_MIR522_5P_MIR523_5P	86	86		
MIR5190	132	125		
MIR5191	29	25		
MIR5192	47	46		
MIR5193	173	160		
MIR5194	43	38		
MIR5195_3P	311	301		
MIR5195_5P	20	19		
MIR5196_3P	71	65		
MIR5196_5P	289	271		
MIR5197_3P	199	191		
MIR5197_5P	185	178		
MIR519A_2_5P_MIR520B_5P	213	198		
MIR519A_3P_MIR519B_3P	403	384		
MIR519C_3P	404	385		
MIR519D_3P	612		Rejected!	
MIR519D_5P	239	229		
MIR519E_3P	66	63		
MIR519E_5P	308	296		
MIR520A_3P	331	322		
MIR520A_5P	159	151		
MIR520B_3P_MIR520C_3P_MIR520E_3P	328	319		
MIR520D_3P	330	321		
MIR520D_5P	939		Rejected!	
MIR520E_5P	165	157		
MIR520F_3P	198	196		
MIR520F_5P	197	185		
MIR520G_3P_MIR520H	209	198		
MIR520G_5P	60	54		
MIR522_3P	181	176		
MIR524_3P_MIR525_3P	13		Rejected!	
MIR524_5P	941		Rejected!	
MIR525_5P	157	149		
MIR526B_3P	610		Rejected!	
MIR526B_5P	103	99		
MIR532_3P	84	80		
MIR532_5P	80	78		
MIR539_3P	231	211		
MIR539_5P	388	370		
MIR541_3P	99	92		
MIR541_5P	121	114		
MIR542_3P	139	131		
MIR543	332	319		
MIR544A	219	207		
MIR544B	220	212		
MIR545_3P	380	363		
MIR545_5P	312	302		
MIR548AA_MIR548AP_3P_MIR548T_3P	548		Rejected!	
MIR548AB	496	476		
MIR548AC	610		Rejected!	
MIR548AD_3P	26	26		
MIR548AD_5P_MIR548AE_5P_MIR548AY_5P_MIR548B_5P_MIR548D_5P	497	477		
MIR548AE_3P_MIR548AQ_3P	786		Rejected!	
MIR548AG	169	163		
MIR548AH_3P_MIR548AM_3P	783		Rejected!	
MIR548AH_5P	350	330		
MIR548AI_MIR570_5P	172	166		
MIR548AJ_3P_MIR548X_3P	913		Rejected!	
MIR548AJ_5P_MIR548G_5P_MIR548X_5P	485	455		
MIR548AK_MIR548AM_5P_MIR548C_5P_MIR548H_5P_MIR548O_5P_MIR548AU_5P	496	476		
MIR548AL	12		Rejected!	
MIR548AN	484	468		
MIR548AO_3P	20	19		
MIR548AO_5P_MIR548AX	175	167		
MIR548AP_5P_MIR548J_5P	494	473		
MIR548AQ_5P	498	478		
MIR548AR_3P	575		Rejected!	
MIR548AR_5P	502	482		
MIR548AS_3P	261	250		
MIR548AS_5P	494	474		
MIR548AT_3P	60	59		
MIR548AT_5P	355	340		
MIR548AU_3P	172	164		
MIR548AV_3P	177	171		
MIR548AV_5P_MIR548K	307	290		
MIR548AW	600		Rejected!	
MIR548AY_3P	57	56		
MIR548AZ_3P	490	475		
MIR548AZ_5P	427	409		
MIR548A_3P	485	470		
MIR548A_5P	496	476		
MIR548BA	170	164		
MIR548BB_3P	605		Rejected!	
MIR548BB_5P	499	479		
MIR548BC	485	470		
MIR548B_3P	104	101		
MIR548D_3P	611		Rejected!	
MIR548E_3P	485	470		
MIR548E_5P	745		Rejected!	
MIR548F_3P	488	473		
MIR548F_5P	485	454		
MIR548G_3P	238	229		
MIR548H_3P_MIR548Z	611		Rejected!	
MIR548I	494	474		
MIR548J_3P	783		Rejected!	
MIR548L	366	349		
MIR548M	186	178		
MIR548N	617		Rejected!	
MIR548O_3P	281	273		
MIR548O_5P_MIR548W	496	476		
MIR548P	600		Rejected!	
MIR548Q	46	46		
MIR548S	131	128		
MIR548T_5P	423	405		
MIR548U	155	145		
MIR548V	137	130		
MIR548Y	505	485		
MIR549A_3P	80	74		
MIR549A_5P	54	43		
MIR550A_3P	78	74		
MIR550A_3_5P_MIR550A_5P	71	68		
MIR550B_2_5P	48	45		
MIR550B_3P	57	55		
MIR551A_MIR551B_3P	5		Rejected!	
MIR551B_5P	507	498		
MIR552_3P	59	56		
MIR552_5P	189	183		
MIR553	14		Rejected!	
MIR554	21	21		
MIR555	46	41		
MIR556_3P	137	125		
MIR556_5P	42	39		
MIR557	225	216		
MIR5571_3P	48	45		
MIR5571_5P	158	149		
MIR5572	82	79		
MIR5579_3P	160	155		
MIR5579_5P	78	73		
MIR558	114	106		
MIR5580_3P	248	237		
MIR5580_5P	117	112		
MIR5581_3P	148	128		
MIR5581_5P	75	68		
MIR5582_3P	674		Rejected!	
MIR5582_5P	390	382		
MIR5583_3P	87	84		
MIR5583_5P	106	98		
MIR5584_3P	140	131		
MIR5584_5P	265	259		
MIR5585_3P	89	81		
MIR5585_5P	138	127		
MIR5586_3P	53	48		
MIR5586_5P	80	75		
MIR5587_5P	112	108		
MIR5588_3P	45	43		
MIR5588_5P	90	84		
MIR5589_3P	170	158		
MIR5589_5P	76	70		
MIR559	558		Rejected!	
MIR5590_3P	355	337		
MIR5590_5P	117	110		
MIR5591_3P	46	42		
MIR5591_5P	65	63		
MIR561_3P	497	472		
MIR561_5P	151	147		
MIR562	65	60		
MIR563	35	34		
MIR564	15		Rejected!	
MIR567	108	103		
MIR568	267	255		
MIR5680	469	456		
MIR5681A	155	144		
MIR5681B	55	52		
MIR5682	219	212		
MIR5683	241	217		
MIR5684	41	39		
MIR5685	70	70		
MIR5687	20	19		
MIR5688	787		Rejected!	
MIR5689	156	146		
MIR569	77	73		
MIR5690	118	111		
MIR5691_MIR6805_3P	154	142		
MIR5692B_MIR5692C	408	384		
MIR5693	90	84		
MIR5694	54	51		
MIR5695	95	86		
MIR5696	704		Rejected!	
MIR5697	153	148		
MIR5698	201	190		
MIR5699_3P	72	67		
MIR5699_5P	112	108		
MIR5700	304	289		
MIR5701	210	188		
MIR5702	78	71		
MIR5703	173	168		
MIR5704	54	53		
MIR5705	5		Rejected!	
MIR5706	163	149		
MIR570_3P	771		Rejected!	
MIR571	66	59		
MIR573	91	83		
MIR5739	7		Rejected!	
MIR574_3P	5		Rejected!	
MIR574_5P	82	74		
MIR575	53	51		
MIR576_3P	63	58		
MIR576_5P	348	334		
MIR577	337	310		
MIR578	178	173		
MIR5787	249	234		
MIR579_3P	509	483		
MIR580_3P	216	208		
MIR580_5P	238	222		
MIR581	81	77		
MIR582_3P	100	95		
MIR582_5P	365	343		
MIR583	180	165		
MIR584_3P	111	105		
MIR584_5P	87	81		
MIR585_5P	134	130		
MIR586	274	255		
MIR587	364	347		
MIR588	127	121		
MIR589_3P	256	246		
MIR589_5P	87	85		
MIR590_5P	131	125		
MIR591	50	47		
MIR592	77	75		
MIR593_3P	143	132		
MIR593_5P	164	157		
MIR595	67	61		
MIR596	32	27		
MIR597_3P	107	100		
MIR597_5P	78	72		
MIR598_3P	10		Rejected!	
MIR598_5P	5		Rejected!	
MIR599	86	80		
MIR600	141	132		
MIR601	39	39		
MIR602	8		Rejected!	
MIR603	173	166		
MIR604	16	15		
MIR605_3P	257	255		
MIR605_5P	132	127		
MIR606	92	92		
MIR6069	29	26		
MIR607	981		Rejected!	
MIR6071	180	173		
MIR6072	77	75		
MIR6073	102	100		
MIR6074	276	262		
MIR6076	51	49		
MIR6077	239	214		
MIR6079	144	135		
MIR608	210	197		
MIR6080	48	45		
MIR6081	108	97		
MIR6082	17	16		
MIR6083	260	243		
MIR6085	39	36		
MIR6086	50	43		
MIR6088	168	163		
MIR6089	16	16		
MIR609	34	29		
MIR6090	10		Rejected!	
MIR610	84	82		
MIR612	102	98		
MIR6124	449	433		
MIR6125	9		Rejected!	
MIR6126	119	114		
MIR6127	214	201		
MIR6128	169	167		
MIR6129	198	187		
MIR613	321	301		
MIR6130	193	182		
MIR6131	98	95		
MIR6132	132	121		
MIR6133	197	186		
MIR6134	134	128		
MIR615_3P	6		Rejected!	
MIR615_5P	38	35		
MIR6165	120	114		
MIR616_3P	46	43		
MIR616_5P	961		Rejected!	
MIR617	63	61		
MIR618	74	71		
MIR619_3P	60	56		
MIR619_5P	138	137		
MIR620	76	66		
MIR621	36	34		
MIR622	83	80		
MIR623	119	117		
MIR624_3P	98	97		
MIR624_5P	105	100		
MIR625_3P	51	49		
MIR625_5P	210	199		
MIR626	54	50		
MIR627_3P	471	450		
MIR627_5P	42	39		
MIR628_3P	85	82		
MIR628_5P	82	78		
MIR629_3P	183	171		
MIR629_5P	109	96		
MIR630	80	78		
MIR631	52	50		
MIR632	61	57		
MIR633	143	134		
MIR634	86	82		
MIR635	50	47		
MIR636	226	205		
MIR637	92	88		
MIR640	56	54		
MIR641	259	250		
MIR642A_3P_MIR642B_3P	137	130		
MIR642A_5P	89	80		
MIR642B_5P	75	71		
MIR643	64	63		
MIR644A	63	59		
MIR645	40	38		
MIR646	247	240		
MIR647	83	78		
MIR648	51	49		
MIR649	71	68		
MIR6499_3P	127	122		
MIR650	116	109		
MIR6500_3P	81	79		
MIR6501_3P	147	139		
MIR6501_5P	72	64		
MIR6502_3P	56	53		
MIR6502_5P	53	45		
MIR6503_3P	31	29		
MIR6503_5P	55	53		
MIR6504_3P	372	359		
MIR6504_5P	142	136		
MIR6505_3P	97	87		
MIR6505_5P	201	186		
MIR6506_3P	6		Rejected!	
MIR6506_5P	100	99		
MIR6507_3P	123	118		
MIR6507_5P	343	325		
MIR6508_3P	49	45		
MIR6508_5P	346	329		
MIR6509_3P	137	125		
MIR6509_5P	95	87		
MIR6510_5P	86	81		
MIR6511A_3P_MIR6511B_3P	58	56		
MIR6511A_5P	196	194		
MIR6511B_5P	73	70		
MIR6512_3P	130	124		
MIR6512_5P	117	113		
MIR6513_3P	145	137		
MIR6513_5P	99	95		
MIR6514_3P	70	66		
MIR6514_5P	54	47		
MIR6515_3P	219	209		
MIR6515_5P	92	88		
MIR6516_3P	144	138		
MIR6516_5P	188	181		
MIR651_3P	815		Rejected!	
MIR651_5P	121	114		
MIR6529_3P	85	82		
MIR6529_5P	46	44		
MIR652_3P	5		Rejected!	
MIR652_5P	36	35		
MIR653_3P	139	135		
MIR653_5P	130	126		
MIR654_3P	81	79		
MIR654_5P	100	93		
MIR655_3P	423	399		
MIR655_5P	79	75		
MIR656_3P	404	394		
MIR656_5P	38	36		
MIR657	73	67		
MIR659_3P	218	211		
MIR659_5P	26	25		
MIR660_3P	99	93		
MIR660_5P	73	69		
MIR661	160	152		
MIR662	5		Rejected!	
MIR663A	17		Rejected!	
MIR663B	38	37		
MIR664A_3P	416	387		
MIR664A_5P	77	75		
MIR664B_3P	503	477		
MIR664B_5P	57	53		
MIR665	132	125		
MIR668_3P	61	58		
MIR670_3P	296	284		
MIR670_5P	248	239		
MIR6715A_3P	164	157		
MIR6715B_3P	131	127		
MIR6715B_5P	222	213		
MIR6716_5P	129	120		
MIR6717_5P	5		Rejected!	
MIR6718_5P	71	66		
MIR6719_3P	122	115		
MIR671_5P	132	125		
MIR6720_5P	133	127		
MIR6721_5P	340	316		
MIR6722_3P	183	177		
MIR6724_5P	21	20		
MIR6726_5P	50	48		
MIR6727_3P	113	102		
MIR6728_3P	151	145		
MIR6728_5P	70	61		
MIR6729_3P	71	69		
MIR6729_5P	10		Rejected!	
MIR6730_3P	87	83		
MIR6730_5P	135	129		
MIR6731_3P	72	67		
MIR6731_5P	234	210		
MIR6732_3P	93	89		
MIR6732_5P	27	26		
MIR6733_3P	142	135		
MIR6733_5P	276	265		
MIR6734_3P	142	137		
MIR6734_5P	72	67		
MIR6735_3P	35	33		
MIR6735_5P	105	99		
MIR6736_3P	129	122		
MIR6736_5P	47	45		
MIR6737_3P	195	187		
MIR6737_5P	83	78		
MIR6738_3P	156	147		
MIR6738_5P	31	28		
MIR6739_3P	194	187		
MIR6739_5P	279	268		
MIR6740_3P	161	145		
MIR6740_5P	67	59		
MIR6741_3P	5		Rejected!	
MIR6741_5P	22	22		
MIR6742_3P	99	94		
MIR6742_5P	45	43		
MIR6743_5P	38	36		
MIR6744_3P	64	63		
MIR6744_5P	48	44		
MIR6745	96	93		
MIR6746_5P	5		Rejected!	
MIR6747_3P	120	114		
MIR6747_5P	41	40		
MIR6748_3P	81	76		
MIR6748_5P	71	67		
MIR6749_3P	116	109		
MIR6750_3P	68	67		
MIR6750_5P	75	71		
MIR6751_3P	81	77		
MIR6751_5P	69	64		
MIR6752_3P	144	138		
MIR6752_5P	122	119		
MIR6753_3P	54	52		
MIR6753_5P	25	25		
MIR6754_3P	101	97		
MIR6754_5P	123	112		
MIR6755_3P	79	78		
MIR6755_5P	35	31		
MIR6756_3P	99	96		
MIR6756_5P	255	247		
MIR6757_3P	107	101		
MIR6757_5P	57	56		
MIR6758_3P	110	102		
MIR6758_5P	114	108		
MIR6759_3P	110	103		
MIR6759_5P	66	60		
MIR675_3P	65	61		
MIR6760_3P	101	94		
MIR6760_5P	115	109		
MIR6761_5P	117	110		
MIR6762_3P	124	114		
MIR6762_5P	59	55		
MIR6763_5P	109	104		
MIR6764_3P	110	108		
MIR6764_5P	236	224		
MIR6765_3P	95	91		
MIR6765_5P	7		Rejected!	
MIR6766_3P	149	145		
MIR6766_5P	237	229		
MIR6767_3P	26	23		
MIR6768_3P	140	138		
MIR6768_5P	198	191		
MIR6769A_3P	19	18		
MIR6769A_5P	48	46		
MIR6769B_3P	82	73		
MIR6769B_5P	78	75		
MIR676_3P	52	50		
MIR676_5P	158	146		
MIR6770_3P	5		Rejected!	
MIR6770_5P	185	170		
MIR6771_3P	96	92		
MIR6772_3P	71	67		
MIR6772_5P	34	33		
MIR6773_3P	106	103		
MIR6773_5P	37	36		
MIR6774_3P	6		Rejected!	
MIR6774_5P	53	50		
MIR6775_3P	82	79		
MIR6775_5P	6		Rejected!	
MIR6776_3P	63	60		
MIR6776_5P	97	92		
MIR6777_3P	55	47		
MIR6777_5P	7		Rejected!	
MIR6778_3P	222	216		
MIR6778_5P	107	98		
MIR6779_3P	69	68		
MIR6779_5P	184	172		
MIR6780A_3P	157	150		
MIR6780A_5P	233	220		
MIR6780B_3P	64	55		
MIR6780B_5P	284	267		
MIR6781_3P	85	83		
MIR6782_3P	88	84		
MIR6782_5P	39	37		
MIR6783_3P	209	202		
MIR6783_5P	157	134		
MIR6784_3P	41	38		
MIR6785_5P	514	491		
MIR6787_3P	102	98		
MIR6787_5P	27	23		
MIR6788_3P	6		Rejected!	
MIR6788_5P	136	128		
MIR6789_5P	22	21		
MIR6790_3P	5		Rejected!	
MIR6790_5P	49	44		
MIR6791_3P	82	79		
MIR6791_5P	170	164		
MIR6792_3P	126	122		
MIR6792_5P	135	126		
MIR6793_3P	84	81		
MIR6793_5P	61	53		
MIR6794_3P	85	72		
MIR6794_5P	82	81		
MIR6795_3P	14		Rejected!	
MIR6795_5P	136	128		
MIR6796_3P	60	57		
MIR6796_5P	82	80		
MIR6797_3P	60	58		
MIR6797_5P	201	188		
MIR6798_3P	39	36		
MIR6798_5P	45	41		
MIR6799_3P	119	100		
MIR6799_5P	151	141		
MIR6800_3P	29	26		
MIR6800_5P	44	42		
MIR6801_3P	51	49		
MIR6801_5P	111	95		
MIR6802_3P	42	40		
MIR6802_5P	28	25		
MIR6803_5P	54	50		
MIR6804_3P	96	88		
MIR6804_5P	75	68		
MIR6805_5P	40	39		
MIR6806_3P	108	97		
MIR6806_5P	68	64		
MIR6807_3P	142	139		
MIR6807_5P	59	55		
MIR6808_3P	41	39		
MIR6808_5P	181	175		
MIR6809_3P	558		Rejected!	
MIR6809_5P	140	132		
MIR6810_3P	74	71		
MIR6810_5P	72	69		
MIR6811_3P	57	54		
MIR6811_5P	73	70		
MIR6812_5P	70	65		
MIR6813_3P	34	33		
MIR6813_5P	40	37		
MIR6814_3P_MIR6872_5P	7		Rejected!	
MIR6814_5P	112	109		
MIR6815_3P	204	199		
MIR6815_5P	57	55		
MIR6816_3P	34	31		
MIR6816_5P	19	16		
MIR6817_3P	224	213		
MIR6817_5P	110	105		
MIR6818_3P	127	113		
MIR6818_5P	123	108		
MIR6819_3P	34	33		
MIR6819_5P	86	81		
MIR6820_3P	103	96		
MIR6820_5P	11		Rejected!	
MIR6821_3P	50	50		
MIR6822_3P	54	52		
MIR6822_5P	76	71		
MIR6823_3P	58	54		
MIR6823_5P	70	62		
MIR6824_3P	111	109		
MIR6824_5P	77	60		
MIR6825_5P	417	396		
MIR6826_3P	100	96		
MIR6826_5P	40	38		
MIR6827_3P	83	82		
MIR6827_5P	78	73		
MIR6828_3P	116	114		
MIR6828_5P	172	159		
MIR6829_3P	83	80		
MIR6829_5P	98	93		
MIR6830_3P	203	184		
MIR6830_5P	192	181		
MIR6831_3P	58	57		
MIR6831_5P	120	113		
MIR6832_3P	252	240		
MIR6832_5P	85	77		
MIR6833_3P	405	392		
MIR6833_5P	131	121		
MIR6834_3P	48	43		
MIR6834_5P	59	58		
MIR6835_3P	451	417		
MIR6835_5P	33	31		
MIR6836_3P	56	54		
MIR6836_5P	127	117		
MIR6837_3P	107	105		
MIR6837_5P	123	116		
MIR6838_3P	61	60		
MIR6838_5P	532		Rejected!	
MIR6839_3P	158	147		
MIR6839_5P	107	99		
MIR6840_3P	163	155		
MIR6841_3P	54	51		
MIR6841_5P	40	35		
MIR6842_3P	124	118		
MIR6842_5P	155	146		
MIR6843_3P	88	84		
MIR6844	345	330		
MIR6845_3P	137	135		
MIR6845_5P	62	58		
MIR6846_3P	26	24		
MIR6846_5P	83	79		
MIR6847_3P	58	55		
MIR6847_5P	153	145		
MIR6848_3P	87	84		
MIR6848_5P	82	78		
MIR6849_3P	77	77		
MIR6849_5P	33	31		
MIR6851_3P	59	57		
MIR6851_5P	108	104		
MIR6852_3P	154	146		
MIR6852_5P	187	180		
MIR6853_3P	209	195		
MIR6853_5P	8		Rejected!	
MIR6854_3P	11		Rejected!	
MIR6854_5P	74	71		
MIR6855_3P	48	46		
MIR6855_5P	67	62		
MIR6856_3P	69	68		
MIR6856_5P	106	102		
MIR6857_3P	72	68		
MIR6857_5P	79	76		
MIR6858_3P	46	44		
MIR6858_5P	60	57		
MIR6859_3P	37	35		
MIR6859_5P	206	201		
MIR6860	107	102		
MIR6861_3P	49	46		
MIR6861_5P	68	65		
MIR6862_3P	29	27		
MIR6862_5P	50	47		
MIR6863	10		Rejected!	
MIR6864_3P	47	46		
MIR6864_5P	87	82		
MIR6865_3P	45	43		
MIR6865_5P	58	56		
MIR6866_3P	73	71		
MIR6866_5P	74	70		
MIR6867_3P	117	113		
MIR6867_5P	884		Rejected!	
MIR6868_3P	271	256		
MIR6868_5P	119	113		
MIR6869_5P	46	40		
MIR6870_3P	47	43		
MIR6870_5P	215	203		
MIR6871_3P	124	121		
MIR6871_5P	59	48		
MIR6872_3P	67	66		
MIR6873_3P	382	363		
MIR6873_5P	112	102		
MIR6874_3P	81	77		
MIR6874_5P	36	36		
MIR6875_3P	398	377		
MIR6875_5P	69	67		
MIR6876_3P	52	49		
MIR6876_5P	230	217		
MIR6877_3P	33	32		
MIR6878_3P	69	61		
MIR6878_5P	221	198		
MIR6879_3P	46	45		
MIR6879_5P	112	105		
MIR6880_5P	94	89		
MIR6881_3P	181	177		
MIR6881_5P	58	55		
MIR6882_3P	113	107		
MIR6882_5P	169	158		
MIR6883_3P	60	59		
MIR6883_5P	407	387		
MIR6884_3P	64	61		
MIR6884_5P	144	139		
MIR6885_3P	409	389		
MIR6885_5P	51	47		
MIR6886_3P	94	90		
MIR6886_5P	8		Rejected!	
MIR6887_3P	196	175		
MIR6887_5P	136	129		
MIR6888_3P	92	84		
MIR6888_5P	53	50		
MIR6889_3P	108	104		
MIR6889_5P	13		Rejected!	
MIR6890_3P	92	90		
MIR6890_5P	20	20		
MIR6891_3P	66	64		
MIR6891_5P	124	115		
MIR6892_3P	103	93		
MIR6892_5P	91	85		
MIR6893_3P	91	89		
MIR6893_5P	182	176		
MIR6894_3P	73	68		
MIR6894_5P	47	36		
MIR6895_3P	90	83		
MIR6895_5P	46	45		
MIR708_3P	115	110		
MIR708_5P	49	44		
MIR7106_3P	48	39		
MIR7106_5P	359	336		
MIR7107_3P	52	50		
MIR7108_3P	13		Rejected!	
MIR7108_5P	48	43		
MIR7109_3P	66	61		
MIR7109_5P	75	75		
MIR711	41	39		
MIR7110_3P	403	379		
MIR7110_5P	167	156		
MIR7111_3P	123	117		
MIR7111_5P	204	192		
MIR7112_3P	95	89		
MIR7112_5P	7		Rejected!	
MIR7113_3P	91	86		
MIR7113_5P	150	142		
MIR7114_3P	46	46		
MIR7114_5P	151	144		
MIR7150	132	126		
MIR7151_3P	274	267		
MIR7151_5P	52	49		
MIR7152_3P	95	92		
MIR7152_5P	251	238		
MIR7153_3P	51	49		
MIR7153_5P	117	113		
MIR7154_3P	67	62		
MIR7154_5P	267	247		
MIR7155_3P	64	64		
MIR7155_5P	96	91		
MIR7156_3P	95	91		
MIR7156_5P	144	137		
MIR7157_3P	196	188		
MIR7157_5P	213	209		
MIR7158_3P	60	58		
MIR7158_5P	73	70		
MIR7159_3P	226	213		
MIR7159_5P	372	337		
MIR7160_3P	30	29		
MIR7160_5P	192	185		
MIR7161_3P	85	82		
MIR7161_5P	192	181		
MIR7162_3P	218	211		
MIR7162_5P	178	161		
MIR744_3P	63	57		
MIR744_5P	12		Rejected!	
MIR7515	157	146		
MIR758_3P	126	121		
MIR758_5P	34	33		
MIR759	71	55		
MIR760	129	128		
MIR761	225	217		
MIR762	175	168		
MIR764	48	47		
MIR765	289	265		
MIR766_3P	154	143		
MIR766_5P	226	200		
MIR767_3P	125	110		
MIR767_5P	191	186		
MIR769_3P	31	30		
MIR769_5P	48	44		
MIR7702	54	52		
MIR7703	112	106		
MIR7704	6		Rejected!	
MIR7705	50	48		
MIR7706	11		Rejected!	
MIR770_5P	100	96		
MIR7843_3P	88	83		
MIR7843_5P	100	94		
MIR7844_5P	159	145		
MIR7845_5P	58	55		
MIR7847_3P	72	70		
MIR7848_3P	28	28		
MIR7849_3P	116	114		
MIR7850_5P	122	113		
MIR7851_3P	56	53		
MIR7852_3P	75	71		
MIR7853_5P	222	216		
MIR7854_3P	107	105		
MIR7855_5P	84	76		
MIR7856_5P	408	388		
MIR7973	46	43		
MIR7974	90	87		
MIR7975	43	43		
MIR7976	101	97		
MIR7977	225	216		
MIR7978	85	80		
MIR7_1_3P	654		Rejected!	
MIR7_2_3P	652		Rejected!	
MIR7_5P	269	254		
MIR802	133	127		
MIR8052	43	42		
MIR8053	7		Rejected!	
MIR8054	307	290		
MIR8055	75	69		
MIR8056	50	42		
MIR8057	86	84		
MIR8058	43	40		
MIR8059	61	61		
MIR8060	102	95		
MIR8061	160	153		
MIR8062	109	104		
MIR8063	405	386		
MIR8064	82	78		
MIR8065	149	144		
MIR8066	153	147		
MIR8067	287	274		
MIR8068	401	374		
MIR8069	63	57		
MIR8070	135	129		
MIR8071	34	34		
MIR8073	80	75		
MIR8074	18	18		
MIR8075	99	89		
MIR8076	128	125		
MIR8077	68	63		
MIR8078	29	28		
MIR8079	37	32		
MIR8080	138	131		
MIR8081	58	55		
MIR8082	112	106		
MIR8083	54	53		
MIR8084	242	231		
MIR8085	235	211		
MIR8086	23	21		
MIR8087	141	136		
MIR8088	7		Rejected!	
MIR8089	166	157		
MIR8485	1034		Rejected!	
MIR873_3P	61	55		
MIR873_5P	116	108		
MIR874_3P	54	50		
MIR874_5P	60	58		
MIR875_3P	311	298		
MIR875_5P	52	51		
MIR876_3P	91	78		
MIR876_5P	138	128		
MIR877_3P	198	186		
MIR877_5P	81	76		
MIR885_3P	29	29		
MIR885_5P	117	110		
MIR887_3P	6		Rejected!	
MIR887_5P	107	98		
MIR888_3P	120	116		
MIR888_5P	233	225		
MIR889_3P	245	230		
MIR889_5P	114	107		
MIR890	97	92		
MIR891A_3P	127	124		
MIR891B	129	122		
MIR892A	127	114		
MIR892B	77	73		
MIR892C_3P	212	205		
MIR892C_5P	293	269		
MIR920	52	50		
MIR921	61	58		
MIR922	194	185		
MIR924	51	50		
MIR92A_1_5P	46	42		
MIR92A_2_5P	217	204		
MIR92A_3P	477	458		
MIR92B_3P	474	455		
MIR92B_5P	8		Rejected!	
MIR933	6		Rejected!	
MIR934	82	79		
MIR935	117	111		
MIR936	137	130		
MIR937_5P	56	53		
MIR938	75	73		
MIR939_3P	148	142		
MIR939_5P	124	116		
MIR93_3P	121	114		
MIR93_5P	615		Rejected!	
MIR940	182	176		
MIR942_3P	110	103		
MIR942_5P	215	204		
MIR943	56	54		
MIR944	425	408		
MIR9500	160	155		
MIR95_3P	6		Rejected!	
MIR95_5P	672		Rejected!	
MIR96_3P	71	68		
MIR96_5P	454	430		
MIR9718	102	97		
MIR9851_3P	181	173		
MIR9851_5P	116	112		
MIR9898	58	55		
MIR9899	6		Rejected!	
MIR98_3P	725		Rejected!	
MIR98_5P	403	390		
MIR9900	45	43		
MIR9902	288	277		
MIR9903	54	53		
MIR9983_3P	466	449		
MIR9985	623		Rejected!	
MIR9986	159	151		
MIR9_3P	341	325		
MIR9_5P	483	465		
